"Observed","Intended","CV","VAR","SD"
0.00807421,0.01,171.941116903514,0.000192734547432485,0.0138828868551352
0.0369480733333333,0.02,197.603624373368,0.00533056699342506,0.0730107320427967
0.105565017241379,0.094,21.9943628210138,0.00053909191158094,0.0232183529041347
0.216249193333333,0.181,15.1155741622856,0.00106846005157168,0.0326873071936444
1.89078883666667,1.761,4.80112244621326,0.00824084268152516,0.090779087247698
